{
  "trial": "trial2",
  "model": "/mnt/d/yunihg/coding/legal-chatbot/models/merged/trial2",
  "prompt_format": "chatml",
  "test_samples": 100,
  "rouge_l": {
    "rouge_l_precision": 0.3154627230179418,
    "rouge_l_recall": 0.15320422999990013,
    "rouge_l_f1": 0.17264203944458317
  },
  "bertscore": {
    "bertscore_precision": 0.7016770243644714,
    "bertscore_recall": 0.667466402053833,
    "bertscore_f1": 0.6830760836601257
  },
  "llm_judge": {
    "correctness": 2.36,
    "completeness": 2.22,
    "faithfulness": 2.31
  }
}